ID,Weather Type
9240,Snowy
9241,Snowy
9242,Snowy
9243,Snowy
9244,Snowy
9245,Snowy
9246,Snowy
9247,Snowy
9248,Snowy
9249,Snowy
9250,Snowy
9251,Snowy
9252,Snowy
9253,Snowy
9254,Snowy
9255,Snowy
9256,Snowy
9257,Snowy
9258,Snowy
9259,Snowy
9260,Snowy
9261,Snowy
9262,Snowy
9263,Snowy
9264,Snowy
9265,Snowy
9266,Snowy
9267,Snowy
9268,Snowy
9269,Snowy
9270,Snowy
9271,Snowy
9272,Snowy
9273,Snowy
9274,Snowy
9275,Snowy
9276,Snowy
9277,Snowy
9278,Snowy
9279,Snowy
9280,Snowy
9281,Snowy
9282,Snowy
9283,Snowy
9284,Snowy
9285,Snowy
9286,Snowy
9287,Snowy
9288,Snowy
9289,Snowy
9290,Snowy
9291,Snowy
9292,Snowy
9293,Snowy
9294,Snowy
9295,Snowy
9296,Snowy
9297,Snowy
9298,Snowy
9299,Snowy
9300,Snowy
9301,Snowy
9302,Snowy
9303,Snowy
9304,Snowy
9305,Snowy
9306,Snowy
9307,Snowy
9308,Snowy
9309,Snowy
9310,Snowy
9311,Snowy
9312,Snowy
9313,Snowy
9314,Snowy
9315,Snowy
9316,Snowy
9317,Snowy
9318,Snowy
9319,Snowy
9320,Snowy
9321,Snowy
9322,Snowy
9323,Snowy
9324,Snowy
9325,Snowy
9326,Snowy
9327,Snowy
9328,Snowy
9329,Snowy
9330,Snowy
9331,Snowy
9332,Snowy
9333,Snowy
9334,Snowy
9335,Snowy
9336,Snowy
9337,Snowy
9338,Snowy
9339,Snowy
9340,Snowy
9341,Snowy
9342,Snowy
9343,Snowy
9344,Snowy
9345,Snowy
9346,Snowy
9347,Snowy
9348,Snowy
9349,Snowy
9350,Snowy
9351,Snowy
9352,Snowy
9353,Snowy
9354,Snowy
9355,Snowy
9356,Snowy
9357,Snowy
9358,Snowy
9359,Snowy
9360,Snowy
9361,Snowy
9362,Snowy
9363,Snowy
9364,Snowy
9365,Snowy
9366,Snowy
9367,Snowy
9368,Snowy
9369,Snowy
9370,Snowy
9371,Snowy
9372,Snowy
9373,Snowy
9374,Snowy
9375,Snowy
9376,Snowy
9377,Snowy
9378,Snowy
9379,Snowy
9380,Snowy
9381,Snowy
9382,Snowy
9383,Snowy
9384,Snowy
9385,Snowy
9386,Snowy
9387,Snowy
9388,Snowy
9389,Snowy
9390,Snowy
9391,Snowy
9392,Snowy
9393,Snowy
9394,Snowy
9395,Snowy
9396,Snowy
9397,Snowy
9398,Snowy
9399,Snowy
9400,Snowy
9401,Snowy
9402,Snowy
9403,Snowy
9404,Snowy
9405,Snowy
9406,Snowy
9407,Snowy
9408,Snowy
9409,Snowy
9410,Snowy
9411,Snowy
9412,Snowy
9413,Snowy
9414,Snowy
9415,Snowy
9416,Snowy
9417,Snowy
9418,Snowy
9419,Snowy
9420,Snowy
9421,Snowy
9422,Snowy
9423,Snowy
9424,Snowy
9425,Snowy
9426,Snowy
9427,Snowy
9428,Snowy
9429,Snowy
9430,Snowy
9431,Snowy
9432,Snowy
9433,Snowy
9434,Snowy
9435,Snowy
9436,Snowy
9437,Snowy
9438,Snowy
9439,Snowy
9440,Snowy
9441,Snowy
9442,Snowy
9443,Snowy
9444,Snowy
9445,Snowy
9446,Snowy
9447,Snowy
9448,Snowy
9449,Snowy
9450,Snowy
9451,Snowy
9452,Snowy
9453,Snowy
9454,Snowy
9455,Snowy
9456,Snowy
9457,Snowy
9458,Snowy
9459,Snowy
9460,Snowy
9461,Snowy
9462,Snowy
9463,Snowy
9464,Snowy
9465,Snowy
9466,Snowy
9467,Snowy
9468,Snowy
9469,Snowy
9470,Snowy
9471,Snowy
9472,Snowy
9473,Snowy
9474,Snowy
9475,Snowy
9476,Snowy
9477,Snowy
9478,Snowy
9479,Snowy
9480,Snowy
9481,Snowy
9482,Snowy
9483,Snowy
9484,Snowy
9485,Snowy
9486,Snowy
9487,Snowy
9488,Snowy
9489,Snowy
9490,Snowy
9491,Snowy
9492,Snowy
9493,Snowy
9494,Snowy
9495,Snowy
9496,Snowy
9497,Snowy
9498,Snowy
9499,Snowy
9500,Snowy
9501,Snowy
9502,Snowy
9503,Snowy
9504,Snowy
9505,Snowy
9506,Snowy
9507,Snowy
9508,Snowy
9509,Snowy
9510,Snowy
9511,Snowy
9512,Snowy
9513,Snowy
9514,Snowy
9515,Snowy
9516,Snowy
9517,Snowy
9518,Snowy
9519,Snowy
9520,Snowy
9521,Snowy
9522,Snowy
9523,Snowy
9524,Snowy
9525,Snowy
9526,Snowy
9527,Snowy
9528,Snowy
9529,Snowy
9530,Snowy
9531,Snowy
9532,Snowy
9533,Snowy
9534,Snowy
9535,Snowy
9536,Snowy
9537,Snowy
9538,Snowy
9539,Snowy
9540,Snowy
9541,Snowy
9542,Snowy
9543,Snowy
9544,Snowy
9545,Snowy
9546,Snowy
9547,Snowy
9548,Snowy
9549,Snowy
9550,Snowy
9551,Snowy
9552,Snowy
9553,Snowy
9554,Snowy
9555,Snowy
9556,Snowy
9557,Snowy
9558,Snowy
9559,Snowy
9560,Snowy
9561,Snowy
9562,Snowy
9563,Snowy
9564,Snowy
9565,Snowy
9566,Snowy
9567,Snowy
9568,Snowy
9569,Snowy
9570,Snowy
9571,Snowy
9572,Snowy
9573,Snowy
9574,Snowy
9575,Snowy
9576,Snowy
9577,Snowy
9578,Snowy
9579,Snowy
9580,Snowy
9581,Snowy
9582,Snowy
9583,Snowy
9584,Snowy
9585,Snowy
9586,Snowy
9587,Snowy
9588,Snowy
9589,Snowy
9590,Snowy
9591,Snowy
9592,Snowy
9593,Snowy
9594,Snowy
9595,Snowy
9596,Snowy
9597,Snowy
9598,Snowy
9599,Snowy
9600,Snowy
9601,Snowy
9602,Snowy
9603,Snowy
9604,Snowy
9605,Snowy
9606,Snowy
9607,Snowy
9608,Snowy
9609,Snowy
9610,Snowy
9611,Snowy
9612,Snowy
9613,Snowy
9614,Snowy
9615,Snowy
9616,Snowy
9617,Snowy
9618,Snowy
9619,Snowy
9620,Snowy
9621,Snowy
9622,Snowy
9623,Snowy
9624,Snowy
9625,Snowy
9626,Snowy
9627,Snowy
9628,Snowy
9629,Snowy
9630,Snowy
9631,Snowy
9632,Snowy
9633,Snowy
9634,Snowy
9635,Snowy
9636,Snowy
9637,Snowy
9638,Snowy
9639,Snowy
9640,Snowy
9641,Snowy
9642,Snowy
9643,Snowy
9644,Snowy
9645,Snowy
9646,Snowy
9647,Snowy
9648,Snowy
9649,Snowy
9650,Snowy
9651,Snowy
9652,Snowy
9653,Snowy
9654,Snowy
9655,Snowy
9656,Snowy
9657,Snowy
9658,Snowy
9659,Snowy
9660,Snowy
9661,Snowy
9662,Snowy
9663,Snowy
9664,Snowy
9665,Snowy
9666,Snowy
9667,Snowy
9668,Snowy
9669,Snowy
9670,Snowy
9671,Snowy
9672,Snowy
9673,Snowy
9674,Snowy
9675,Snowy
9676,Snowy
9677,Snowy
9678,Snowy
9679,Snowy
9680,Snowy
9681,Snowy
9682,Snowy
9683,Snowy
9684,Snowy
9685,Snowy
9686,Snowy
9687,Snowy
9688,Snowy
9689,Snowy
9690,Snowy
9691,Snowy
9692,Snowy
9693,Snowy
9694,Snowy
9695,Snowy
9696,Snowy
9697,Snowy
9698,Snowy
9699,Snowy
9700,Snowy
9701,Snowy
9702,Snowy
9703,Snowy
9704,Snowy
9705,Snowy
9706,Snowy
9707,Snowy
9708,Snowy
9709,Snowy
9710,Snowy
9711,Snowy
9712,Snowy
9713,Snowy
9714,Snowy
9715,Snowy
9716,Snowy
9717,Snowy
9718,Snowy
9719,Snowy
9720,Snowy
9721,Snowy
9722,Snowy
9723,Snowy
9724,Snowy
9725,Snowy
9726,Snowy
9727,Snowy
9728,Snowy
9729,Snowy
9730,Snowy
9731,Snowy
9732,Snowy
9733,Snowy
9734,Snowy
9735,Snowy
9736,Snowy
9737,Snowy
9738,Snowy
9739,Snowy
9740,Snowy
9741,Snowy
9742,Snowy
9743,Snowy
9744,Snowy
9745,Snowy
9746,Snowy
9747,Snowy
9748,Snowy
9749,Snowy
9750,Snowy
9751,Snowy
9752,Snowy
9753,Snowy
9754,Snowy
9755,Snowy
9756,Snowy
9757,Snowy
9758,Snowy
9759,Snowy
9760,Snowy
9761,Snowy
9762,Snowy
9763,Snowy
9764,Snowy
9765,Snowy
9766,Snowy
9767,Snowy
9768,Snowy
9769,Snowy
9770,Snowy
9771,Snowy
9772,Snowy
9773,Snowy
9774,Snowy
9775,Snowy
9776,Snowy
9777,Snowy
9778,Snowy
9779,Snowy
9780,Snowy
9781,Snowy
9782,Snowy
9783,Snowy
9784,Snowy
9785,Snowy
9786,Snowy
9787,Snowy
9788,Snowy
9789,Snowy
9790,Snowy
9791,Snowy
9792,Snowy
9793,Snowy
9794,Snowy
9795,Snowy
9796,Snowy
9797,Snowy
9798,Snowy
9799,Snowy
9800,Snowy
9801,Snowy
9802,Snowy
9803,Snowy
9804,Snowy
9805,Snowy
9806,Snowy
9807,Snowy
9808,Snowy
9809,Snowy
9810,Snowy
9811,Snowy
9812,Snowy
9813,Snowy
9814,Snowy
9815,Snowy
9816,Snowy
9817,Snowy
9818,Snowy
9819,Snowy
9820,Snowy
9821,Snowy
9822,Snowy
9823,Snowy
9824,Snowy
9825,Snowy
9826,Snowy
9827,Snowy
9828,Snowy
9829,Snowy
9830,Snowy
9831,Snowy
9832,Snowy
9833,Snowy
9834,Snowy
9835,Snowy
9836,Snowy
9837,Snowy
9838,Snowy
9839,Snowy
9840,Snowy
9841,Snowy
9842,Snowy
9843,Snowy
9844,Snowy
9845,Snowy
9846,Snowy
9847,Snowy
9848,Snowy
9849,Snowy
9850,Snowy
9851,Snowy
9852,Snowy
9853,Snowy
9854,Snowy
9855,Snowy
9856,Snowy
9857,Snowy
9858,Snowy
9859,Snowy
9860,Snowy
9861,Snowy
9862,Snowy
9863,Snowy
9864,Snowy
9865,Snowy
9866,Snowy
9867,Snowy
9868,Snowy
9869,Snowy
9870,Snowy
9871,Snowy
9872,Snowy
9873,Snowy
9874,Snowy
9875,Snowy
9876,Snowy
9877,Snowy
9878,Snowy
9879,Snowy
9880,Snowy
9881,Snowy
9882,Snowy
9883,Snowy
9884,Snowy
9885,Snowy
9886,Snowy
9887,Snowy
9888,Snowy
9889,Snowy
9890,Snowy
9891,Snowy
9892,Snowy
9893,Snowy
9894,Snowy
9895,Snowy
9896,Snowy
9897,Snowy
9898,Snowy
9899,Snowy
9900,Snowy
9901,Snowy
9902,Snowy
9903,Snowy
9904,Snowy
9905,Snowy
9906,Snowy
9907,Snowy
9908,Snowy
9909,Snowy
9910,Snowy
9911,Snowy
9912,Snowy
9913,Snowy
9914,Snowy
9915,Snowy
9916,Snowy
9917,Snowy
9918,Snowy
9919,Snowy
9920,Snowy
9921,Snowy
9922,Snowy
9923,Snowy
9924,Snowy
9925,Snowy
9926,Snowy
9927,Snowy
9928,Snowy
9929,Snowy
9930,Snowy
9931,Snowy
9932,Snowy
9933,Snowy
9934,Snowy
9935,Snowy
9936,Snowy
9937,Snowy
9938,Snowy
9939,Snowy
9940,Snowy
9941,Snowy
9942,Snowy
9943,Snowy
9944,Snowy
9945,Snowy
9946,Snowy
9947,Snowy
9948,Snowy
9949,Snowy
9950,Snowy
9951,Snowy
9952,Snowy
9953,Snowy
9954,Snowy
9955,Snowy
9956,Snowy
9957,Snowy
9958,Snowy
9959,Snowy
9960,Snowy
9961,Snowy
9962,Snowy
9963,Snowy
9964,Snowy
9965,Snowy
9966,Snowy
9967,Snowy
9968,Snowy
9969,Snowy
9970,Snowy
9971,Snowy
9972,Snowy
9973,Snowy
9974,Snowy
9975,Snowy
9976,Snowy
9977,Snowy
9978,Snowy
9979,Snowy
9980,Snowy
9981,Snowy
9982,Snowy
9983,Snowy
9984,Snowy
9985,Snowy
9986,Snowy
9987,Snowy
9988,Snowy
9989,Snowy
9990,Snowy
9991,Snowy
9992,Snowy
9993,Snowy
9994,Snowy
9995,Snowy
9996,Snowy
9997,Snowy
9998,Snowy
9999,Snowy
10000,Snowy
10001,Snowy
10002,Snowy
10003,Snowy
10004,Snowy
10005,Snowy
10006,Snowy
10007,Snowy
10008,Snowy
10009,Snowy
10010,Snowy
10011,Snowy
10012,Snowy
10013,Snowy
10014,Snowy
10015,Snowy
10016,Snowy
10017,Snowy
10018,Snowy
10019,Snowy
10020,Snowy
10021,Snowy
10022,Snowy
10023,Snowy
10024,Snowy
10025,Snowy
10026,Snowy
10027,Snowy
10028,Snowy
10029,Snowy
10030,Snowy
10031,Snowy
10032,Snowy
10033,Snowy
10034,Snowy
10035,Snowy
10036,Snowy
10037,Snowy
10038,Snowy
10039,Snowy
10040,Snowy
10041,Snowy
10042,Snowy
10043,Snowy
10044,Snowy
10045,Snowy
10046,Snowy
10047,Snowy
10048,Snowy
10049,Snowy
10050,Snowy
10051,Snowy
10052,Snowy
10053,Snowy
10054,Snowy
10055,Snowy
10056,Snowy
10057,Snowy
10058,Snowy
10059,Snowy
10060,Snowy
10061,Snowy
10062,Snowy
10063,Snowy
10064,Snowy
10065,Snowy
10066,Snowy
10067,Snowy
10068,Snowy
10069,Snowy
10070,Snowy
10071,Snowy
10072,Snowy
10073,Snowy
10074,Snowy
10075,Snowy
10076,Snowy
10077,Snowy
10078,Snowy
10079,Snowy
10080,Snowy
10081,Snowy
10082,Snowy
10083,Snowy
10084,Snowy
10085,Snowy
10086,Snowy
10087,Snowy
10088,Snowy
10089,Snowy
10090,Snowy
10091,Snowy
10092,Snowy
10093,Snowy
10094,Snowy
10095,Snowy
10096,Snowy
10097,Snowy
10098,Snowy
10099,Snowy
10100,Snowy
10101,Snowy
10102,Snowy
10103,Snowy
10104,Snowy
10105,Snowy
10106,Snowy
10107,Snowy
10108,Snowy
10109,Snowy
10110,Snowy
10111,Snowy
10112,Snowy
10113,Snowy
10114,Snowy
10115,Snowy
10116,Snowy
10117,Snowy
10118,Snowy
10119,Snowy
10120,Snowy
10121,Snowy
10122,Snowy
10123,Snowy
10124,Snowy
10125,Snowy
10126,Snowy
10127,Snowy
10128,Snowy
10129,Snowy
10130,Snowy
10131,Snowy
10132,Snowy
10133,Snowy
10134,Snowy
10135,Snowy
10136,Snowy
10137,Snowy
10138,Snowy
10139,Snowy
10140,Snowy
10141,Snowy
10142,Snowy
10143,Snowy
10144,Snowy
10145,Snowy
10146,Snowy
10147,Snowy
10148,Snowy
10149,Snowy
10150,Snowy
10151,Snowy
10152,Snowy
10153,Snowy
10154,Snowy
10155,Snowy
10156,Snowy
10157,Snowy
10158,Snowy
10159,Snowy
10160,Snowy
10161,Snowy
10162,Snowy
10163,Snowy
10164,Snowy
10165,Snowy
10166,Snowy
10167,Snowy
10168,Snowy
10169,Snowy
10170,Snowy
10171,Snowy
10172,Snowy
10173,Snowy
10174,Snowy
10175,Snowy
10176,Snowy
10177,Snowy
10178,Snowy
10179,Snowy
10180,Snowy
10181,Snowy
10182,Snowy
10183,Snowy
10184,Snowy
10185,Snowy
10186,Snowy
10187,Snowy
10188,Snowy
10189,Snowy
10190,Snowy
10191,Snowy
10192,Snowy
10193,Snowy
10194,Snowy
10195,Snowy
10196,Snowy
10197,Snowy
10198,Snowy
10199,Snowy
10200,Snowy
10201,Snowy
10202,Snowy
10203,Snowy
10204,Snowy
10205,Snowy
10206,Snowy
10207,Snowy
10208,Snowy
10209,Snowy
10210,Snowy
10211,Snowy
10212,Snowy
10213,Snowy
10214,Snowy
10215,Snowy
10216,Snowy
10217,Snowy
10218,Snowy
10219,Snowy
10220,Snowy
10221,Snowy
10222,Snowy
10223,Snowy
10224,Snowy
10225,Snowy
10226,Snowy
10227,Snowy
10228,Snowy
10229,Snowy
10230,Snowy
10231,Snowy
10232,Snowy
10233,Snowy
10234,Snowy
10235,Snowy
10236,Snowy
10237,Snowy
10238,Snowy
10239,Snowy
10240,Snowy
10241,Snowy
10242,Snowy
10243,Snowy
10244,Snowy
10245,Snowy
10246,Snowy
10247,Snowy
10248,Snowy
10249,Snowy
10250,Snowy
10251,Snowy
10252,Snowy
10253,Snowy
10254,Snowy
10255,Snowy
10256,Snowy
10257,Snowy
10258,Snowy
10259,Snowy
10260,Snowy
10261,Snowy
10262,Snowy
10263,Snowy
10264,Snowy
10265,Snowy
10266,Snowy
10267,Snowy
10268,Snowy
10269,Snowy
10270,Snowy
10271,Snowy
10272,Snowy
10273,Snowy
10274,Snowy
10275,Snowy
10276,Snowy
10277,Snowy
10278,Snowy
10279,Snowy
10280,Snowy
10281,Snowy
10282,Snowy
10283,Snowy
10284,Snowy
10285,Snowy
10286,Snowy
10287,Snowy
10288,Snowy
10289,Snowy
10290,Snowy
10291,Snowy
10292,Snowy
10293,Snowy
10294,Snowy
10295,Snowy
10296,Snowy
10297,Snowy
10298,Snowy
10299,Snowy
10300,Snowy
10301,Snowy
10302,Snowy
10303,Snowy
10304,Snowy
10305,Snowy
10306,Snowy
10307,Snowy
10308,Snowy
10309,Snowy
10310,Snowy
10311,Snowy
10312,Snowy
10313,Snowy
10314,Snowy
10315,Snowy
10316,Snowy
10317,Snowy
10318,Snowy
10319,Snowy
10320,Snowy
10321,Snowy
10322,Snowy
10323,Snowy
10324,Snowy
10325,Snowy
10326,Snowy
10327,Snowy
10328,Snowy
10329,Snowy
10330,Snowy
10331,Snowy
10332,Snowy
10333,Snowy
10334,Snowy
10335,Snowy
10336,Snowy
10337,Snowy
10338,Snowy
10339,Snowy
10340,Snowy
10341,Snowy
10342,Snowy
10343,Snowy
10344,Snowy
10345,Snowy
10346,Snowy
10347,Snowy
10348,Snowy
10349,Snowy
10350,Snowy
10351,Snowy
10352,Snowy
10353,Snowy
10354,Snowy
10355,Snowy
10356,Snowy
10357,Snowy
10358,Snowy
10359,Snowy
10360,Snowy
10361,Snowy
10362,Snowy
10363,Snowy
10364,Snowy
10365,Snowy
10366,Snowy
10367,Snowy
10368,Snowy
10369,Snowy
10370,Snowy
10371,Snowy
10372,Snowy
10373,Snowy
10374,Snowy
10375,Snowy
10376,Snowy
10377,Snowy
10378,Snowy
10379,Snowy
10380,Snowy
10381,Snowy
10382,Snowy
10383,Snowy
10384,Snowy
10385,Snowy
10386,Snowy
10387,Snowy
10388,Snowy
10389,Snowy
10390,Snowy
10391,Snowy
10392,Snowy
10393,Snowy
10394,Snowy
10395,Snowy
10396,Snowy
10397,Snowy
10398,Snowy
10399,Snowy
10400,Snowy
10401,Snowy
10402,Snowy
10403,Snowy
10404,Snowy
10405,Snowy
10406,Snowy
10407,Snowy
10408,Snowy
10409,Snowy
10410,Snowy
10411,Snowy
10412,Snowy
10413,Snowy
10414,Snowy
10415,Snowy
10416,Snowy
10417,Snowy
10418,Snowy
10419,Snowy
10420,Snowy
10421,Snowy
10422,Snowy
10423,Snowy
10424,Snowy
10425,Snowy
10426,Snowy
10427,Snowy
10428,Snowy
10429,Snowy
10430,Snowy
10431,Snowy
10432,Snowy
10433,Snowy
10434,Snowy
10435,Snowy
10436,Snowy
10437,Snowy
10438,Snowy
10439,Snowy
10440,Snowy
10441,Snowy
10442,Snowy
10443,Snowy
10444,Snowy
10445,Snowy
10446,Snowy
10447,Snowy
10448,Snowy
10449,Snowy
10450,Snowy
10451,Snowy
10452,Snowy
10453,Snowy
10454,Snowy
10455,Snowy
10456,Snowy
10457,Snowy
10458,Snowy
10459,Snowy
10460,Snowy
10461,Snowy
10462,Snowy
10463,Snowy
10464,Snowy
10465,Snowy
10466,Snowy
10467,Snowy
10468,Snowy
10469,Snowy
10470,Snowy
10471,Snowy
10472,Snowy
10473,Snowy
10474,Snowy
10475,Snowy
10476,Snowy
10477,Snowy
10478,Snowy
10479,Snowy
10480,Snowy
10481,Snowy
10482,Snowy
10483,Snowy
10484,Snowy
10485,Snowy
10486,Snowy
10487,Snowy
10488,Snowy
10489,Snowy
10490,Snowy
10491,Snowy
10492,Snowy
10493,Snowy
10494,Snowy
10495,Snowy
10496,Snowy
10497,Snowy
10498,Snowy
10499,Snowy
10500,Snowy
10501,Snowy
10502,Snowy
10503,Snowy
10504,Snowy
10505,Snowy
10506,Snowy
10507,Snowy
10508,Snowy
10509,Snowy
10510,Snowy
10511,Snowy
10512,Snowy
10513,Snowy
10514,Snowy
10515,Snowy
10516,Snowy
10517,Snowy
10518,Snowy
10519,Snowy
10520,Snowy
10521,Snowy
10522,Snowy
10523,Snowy
10524,Snowy
10525,Snowy
10526,Snowy
10527,Snowy
10528,Snowy
10529,Snowy
10530,Snowy
10531,Snowy
10532,Snowy
10533,Snowy
10534,Snowy
10535,Snowy
10536,Snowy
10537,Snowy
10538,Snowy
10539,Snowy
10540,Snowy
10541,Snowy
10542,Snowy
10543,Snowy
10544,Snowy
10545,Snowy
10546,Snowy
10547,Snowy
10548,Snowy
10549,Snowy
10550,Snowy
10551,Snowy
10552,Snowy
10553,Snowy
10554,Snowy
10555,Snowy
10556,Snowy
10557,Snowy
10558,Snowy
10559,Snowy
10560,Snowy
10561,Snowy
10562,Snowy
10563,Snowy
10564,Snowy
10565,Snowy
10566,Snowy
10567,Snowy
10568,Snowy
10569,Snowy
10570,Snowy
10571,Snowy
10572,Snowy
10573,Snowy
10574,Snowy
10575,Snowy
10576,Snowy
10577,Snowy
10578,Snowy
10579,Snowy
10580,Snowy
10581,Snowy
10582,Snowy
10583,Snowy
10584,Snowy
10585,Snowy
10586,Snowy
10587,Snowy
10588,Snowy
10589,Snowy
10590,Snowy
10591,Snowy
10592,Snowy
10593,Snowy
10594,Snowy
10595,Snowy
10596,Snowy
10597,Snowy
10598,Snowy
10599,Snowy
10600,Snowy
10601,Snowy
10602,Snowy
10603,Snowy
10604,Snowy
10605,Snowy
10606,Snowy
10607,Snowy
10608,Snowy
10609,Snowy
10610,Snowy
10611,Snowy
10612,Snowy
10613,Snowy
10614,Snowy
10615,Snowy
10616,Snowy
10617,Snowy
10618,Snowy
10619,Snowy
10620,Snowy
10621,Snowy
10622,Snowy
10623,Snowy
10624,Snowy
10625,Snowy
10626,Snowy
10627,Snowy
10628,Snowy
10629,Snowy
10630,Snowy
10631,Snowy
10632,Snowy
10633,Snowy
10634,Snowy
10635,Snowy
10636,Snowy
10637,Snowy
10638,Snowy
10639,Snowy
10640,Snowy
10641,Snowy
10642,Snowy
10643,Snowy
10644,Snowy
10645,Snowy
10646,Snowy
10647,Snowy
10648,Snowy
10649,Snowy
10650,Snowy
10651,Snowy
10652,Snowy
10653,Snowy
10654,Snowy
10655,Snowy
10656,Snowy
10657,Snowy
10658,Snowy
10659,Snowy
10660,Snowy
10661,Snowy
10662,Snowy
10663,Snowy
10664,Snowy
10665,Snowy
10666,Snowy
10667,Snowy
10668,Snowy
10669,Snowy
10670,Snowy
10671,Snowy
10672,Snowy
10673,Snowy
10674,Snowy
10675,Snowy
10676,Snowy
10677,Snowy
10678,Snowy
10679,Snowy
10680,Snowy
10681,Snowy
10682,Snowy
10683,Snowy
10684,Snowy
10685,Snowy
10686,Snowy
10687,Snowy
10688,Snowy
10689,Snowy
10690,Snowy
10691,Snowy
10692,Snowy
10693,Snowy
10694,Snowy
10695,Snowy
10696,Snowy
10697,Snowy
10698,Snowy
10699,Snowy
10700,Snowy
10701,Snowy
10702,Snowy
10703,Snowy
10704,Snowy
10705,Snowy
10706,Snowy
10707,Snowy
10708,Snowy
10709,Snowy
10710,Snowy
10711,Snowy
10712,Snowy
10713,Snowy
10714,Snowy
10715,Snowy
10716,Snowy
10717,Snowy
10718,Snowy
10719,Snowy
10720,Snowy
10721,Snowy
10722,Snowy
10723,Snowy
10724,Snowy
10725,Snowy
10726,Snowy
10727,Snowy
10728,Snowy
10729,Snowy
10730,Snowy
10731,Snowy
10732,Snowy
10733,Snowy
10734,Snowy
10735,Snowy
10736,Snowy
10737,Snowy
10738,Snowy
10739,Snowy
10740,Snowy
10741,Snowy
10742,Snowy
10743,Snowy
10744,Snowy
10745,Snowy
10746,Snowy
10747,Snowy
10748,Snowy
10749,Snowy
10750,Snowy
10751,Snowy
10752,Snowy
10753,Snowy
10754,Snowy
10755,Snowy
10756,Snowy
10757,Snowy
10758,Snowy
10759,Snowy
10760,Snowy
10761,Snowy
10762,Snowy
10763,Snowy
10764,Snowy
10765,Snowy
10766,Snowy
10767,Snowy
10768,Snowy
10769,Snowy
10770,Snowy
10771,Snowy
10772,Snowy
10773,Snowy
10774,Snowy
10775,Snowy
10776,Snowy
10777,Snowy
10778,Snowy
10779,Snowy
10780,Snowy
10781,Snowy
10782,Snowy
10783,Snowy
10784,Snowy
10785,Snowy
10786,Snowy
10787,Snowy
10788,Snowy
10789,Snowy
10790,Snowy
10791,Snowy
10792,Snowy
10793,Snowy
10794,Snowy
10795,Snowy
10796,Snowy
10797,Snowy
10798,Snowy
10799,Snowy
10800,Snowy
10801,Snowy
10802,Snowy
10803,Snowy
10804,Snowy
10805,Snowy
10806,Snowy
10807,Snowy
10808,Snowy
10809,Snowy
10810,Snowy
10811,Snowy
10812,Snowy
10813,Snowy
10814,Snowy
10815,Snowy
10816,Snowy
10817,Snowy
10818,Snowy
10819,Snowy
10820,Snowy
10821,Snowy
10822,Snowy
10823,Snowy
10824,Snowy
10825,Snowy
10826,Snowy
10827,Snowy
10828,Snowy
10829,Snowy
10830,Snowy
10831,Snowy
10832,Snowy
10833,Snowy
10834,Snowy
10835,Snowy
10836,Snowy
10837,Snowy
10838,Snowy
10839,Snowy
10840,Snowy
10841,Snowy
10842,Snowy
10843,Snowy
10844,Snowy
10845,Snowy
10846,Snowy
10847,Snowy
10848,Snowy
10849,Snowy
10850,Snowy
10851,Snowy
10852,Snowy
10853,Snowy
10854,Snowy
10855,Snowy
10856,Snowy
10857,Snowy
10858,Snowy
10859,Snowy
10860,Snowy
10861,Snowy
10862,Snowy
10863,Snowy
10864,Snowy
10865,Snowy
10866,Snowy
10867,Snowy
10868,Snowy
10869,Snowy
10870,Snowy
10871,Snowy
10872,Snowy
10873,Snowy
10874,Snowy
10875,Snowy
10876,Snowy
10877,Snowy
10878,Snowy
10879,Snowy
10880,Snowy
10881,Snowy
10882,Snowy
10883,Snowy
10884,Snowy
10885,Snowy
10886,Snowy
10887,Snowy
10888,Snowy
10889,Snowy
10890,Snowy
10891,Snowy
10892,Snowy
10893,Snowy
10894,Snowy
10895,Snowy
10896,Snowy
10897,Snowy
10898,Snowy
10899,Snowy
10900,Snowy
10901,Snowy
10902,Snowy
10903,Snowy
10904,Snowy
10905,Snowy
10906,Snowy
10907,Snowy
10908,Snowy
10909,Snowy
10910,Snowy
10911,Snowy
10912,Snowy
10913,Snowy
10914,Snowy
10915,Snowy
10916,Snowy
10917,Snowy
10918,Snowy
10919,Snowy
10920,Snowy
10921,Snowy
10922,Snowy
10923,Snowy
10924,Snowy
10925,Snowy
10926,Snowy
10927,Snowy
10928,Snowy
10929,Snowy
10930,Snowy
10931,Snowy
10932,Snowy
10933,Snowy
10934,Snowy
10935,Snowy
10936,Snowy
10937,Snowy
10938,Snowy
10939,Snowy
10940,Snowy
10941,Snowy
10942,Snowy
10943,Snowy
10944,Snowy
10945,Snowy
10946,Snowy
10947,Snowy
10948,Snowy
10949,Snowy
10950,Snowy
10951,Snowy
10952,Snowy
10953,Snowy
10954,Snowy
10955,Snowy
10956,Snowy
10957,Snowy
10958,Snowy
10959,Snowy
10960,Snowy
10961,Snowy
10962,Snowy
10963,Snowy
10964,Snowy
10965,Snowy
10966,Snowy
10967,Snowy
10968,Snowy
10969,Snowy
10970,Snowy
10971,Snowy
10972,Snowy
10973,Snowy
10974,Snowy
10975,Snowy
10976,Snowy
10977,Snowy
10978,Snowy
10979,Snowy
10980,Snowy
10981,Snowy
10982,Snowy
10983,Snowy
10984,Snowy
10985,Snowy
10986,Snowy
10987,Snowy
10988,Snowy
10989,Snowy
10990,Snowy
10991,Snowy
10992,Snowy
10993,Snowy
10994,Snowy
10995,Snowy
10996,Snowy
10997,Snowy
10998,Snowy
10999,Snowy
11000,Snowy
11001,Snowy
11002,Snowy
11003,Snowy
11004,Snowy
11005,Snowy
11006,Snowy
11007,Snowy
11008,Snowy
11009,Snowy
11010,Snowy
11011,Snowy
11012,Snowy
11013,Snowy
11014,Snowy
11015,Snowy
11016,Snowy
11017,Snowy
11018,Snowy
11019,Snowy
11020,Snowy
11021,Snowy
11022,Snowy
11023,Snowy
11024,Snowy
11025,Snowy
11026,Snowy
11027,Snowy
11028,Snowy
11029,Snowy
11030,Snowy
11031,Snowy
11032,Snowy
11033,Snowy
11034,Snowy
11035,Snowy
11036,Snowy
11037,Snowy
11038,Snowy
11039,Snowy
11040,Snowy
11041,Snowy
11042,Snowy
11043,Snowy
11044,Snowy
11045,Snowy
11046,Snowy
11047,Snowy
11048,Snowy
11049,Snowy
11050,Snowy
11051,Snowy
11052,Snowy
11053,Snowy
11054,Snowy
11055,Snowy
11056,Snowy
11057,Snowy
11058,Snowy
11059,Snowy
11060,Snowy
11061,Snowy
11062,Snowy
11063,Snowy
11064,Snowy
11065,Snowy
11066,Snowy
11067,Snowy
11068,Snowy
11069,Snowy
11070,Snowy
11071,Snowy
11072,Snowy
11073,Snowy
11074,Snowy
11075,Snowy
11076,Snowy
11077,Snowy
11078,Snowy
11079,Snowy
11080,Snowy
11081,Snowy
11082,Snowy
11083,Snowy
11084,Snowy
11085,Snowy
11086,Snowy
11087,Snowy
11088,Snowy
11089,Snowy
11090,Snowy
11091,Snowy
11092,Snowy
11093,Snowy
11094,Snowy
11095,Snowy
11096,Snowy
11097,Snowy
11098,Snowy
11099,Snowy
11100,Snowy
11101,Snowy
11102,Snowy
11103,Snowy
11104,Snowy
11105,Snowy
11106,Snowy
11107,Snowy
11108,Snowy
11109,Snowy
11110,Snowy
11111,Snowy
11112,Snowy
11113,Snowy
11114,Snowy
11115,Snowy
11116,Snowy
11117,Snowy
11118,Snowy
11119,Snowy
11120,Snowy
11121,Snowy
11122,Snowy
11123,Snowy
11124,Snowy
11125,Snowy
11126,Snowy
11127,Snowy
11128,Snowy
11129,Snowy
11130,Snowy
11131,Snowy
11132,Snowy
11133,Snowy
11134,Snowy
11135,Snowy
11136,Snowy
11137,Snowy
11138,Snowy
11139,Snowy
11140,Snowy
11141,Snowy
11142,Snowy
11143,Snowy
11144,Snowy
11145,Snowy
11146,Snowy
11147,Snowy
11148,Snowy
11149,Snowy
11150,Snowy
11151,Snowy
11152,Snowy
11153,Snowy
11154,Snowy
11155,Snowy
11156,Snowy
11157,Snowy
11158,Snowy
11159,Snowy
11160,Snowy
11161,Snowy
11162,Snowy
11163,Snowy
11164,Snowy
11165,Snowy
11166,Snowy
11167,Snowy
11168,Snowy
11169,Snowy
11170,Snowy
11171,Snowy
11172,Snowy
11173,Snowy
11174,Snowy
11175,Snowy
11176,Snowy
11177,Snowy
11178,Snowy
11179,Snowy
11180,Snowy
11181,Snowy
11182,Snowy
11183,Snowy
11184,Snowy
11185,Snowy
11186,Snowy
11187,Snowy
11188,Snowy
11189,Snowy
11190,Snowy
11191,Snowy
11192,Snowy
11193,Snowy
11194,Snowy
11195,Snowy
11196,Snowy
11197,Snowy
11198,Snowy
11199,Snowy
11200,Snowy
11201,Snowy
11202,Snowy
11203,Snowy
11204,Snowy
11205,Snowy
11206,Snowy
11207,Snowy
11208,Snowy
11209,Snowy
11210,Snowy
11211,Snowy
11212,Snowy
11213,Snowy
11214,Snowy
11215,Snowy
11216,Snowy
11217,Snowy
11218,Snowy
11219,Snowy
11220,Snowy
11221,Snowy
11222,Snowy
11223,Snowy
11224,Snowy
11225,Snowy
11226,Snowy
11227,Snowy
11228,Snowy
11229,Snowy
11230,Snowy
11231,Snowy
11232,Snowy
11233,Snowy
11234,Snowy
11235,Snowy
11236,Snowy
11237,Snowy
11238,Snowy
11239,Snowy
11240,Snowy
11241,Snowy
11242,Snowy
11243,Snowy
11244,Snowy
11245,Snowy
11246,Snowy
11247,Snowy
11248,Snowy
11249,Snowy
11250,Snowy
11251,Snowy
11252,Snowy
11253,Snowy
11254,Snowy
11255,Snowy
11256,Snowy
11257,Snowy
11258,Snowy
11259,Snowy
11260,Snowy
11261,Snowy
11262,Snowy
11263,Snowy
11264,Snowy
11265,Snowy
11266,Snowy
11267,Snowy
11268,Snowy
11269,Snowy
11270,Snowy
11271,Snowy
11272,Snowy
11273,Snowy
11274,Snowy
11275,Snowy
11276,Snowy
11277,Snowy
11278,Snowy
11279,Snowy
11280,Snowy
11281,Snowy
11282,Snowy
11283,Snowy
11284,Snowy
11285,Snowy
11286,Snowy
11287,Snowy
11288,Snowy
11289,Snowy
11290,Snowy
11291,Snowy
11292,Snowy
11293,Snowy
11294,Snowy
11295,Snowy
11296,Snowy
11297,Snowy
11298,Snowy
11299,Snowy
11300,Snowy
11301,Snowy
11302,Snowy
11303,Snowy
11304,Snowy
11305,Snowy
11306,Snowy
11307,Snowy
11308,Snowy
11309,Snowy
11310,Snowy
11311,Snowy
11312,Snowy
11313,Snowy
11314,Snowy
11315,Snowy
11316,Snowy
11317,Snowy
11318,Snowy
11319,Snowy
11320,Snowy
11321,Snowy
11322,Snowy
11323,Snowy
11324,Snowy
11325,Snowy
11326,Snowy
11327,Snowy
11328,Snowy
11329,Snowy
11330,Snowy
11331,Snowy
11332,Snowy
11333,Snowy
11334,Snowy
11335,Snowy
11336,Snowy
11337,Snowy
11338,Snowy
11339,Snowy
11340,Snowy
11341,Snowy
11342,Snowy
11343,Snowy
11344,Snowy
11345,Snowy
11346,Snowy
11347,Snowy
11348,Snowy
11349,Snowy
11350,Snowy
11351,Snowy
11352,Snowy
11353,Snowy
11354,Snowy
11355,Snowy
11356,Snowy
11357,Snowy
11358,Snowy
11359,Snowy
11360,Snowy
11361,Snowy
11362,Snowy
11363,Snowy
11364,Snowy
11365,Snowy
11366,Snowy
11367,Snowy
11368,Snowy
11369,Snowy
11370,Snowy
11371,Snowy
11372,Snowy
11373,Snowy
11374,Snowy
11375,Snowy
11376,Snowy
11377,Snowy
11378,Snowy
11379,Snowy
11380,Snowy
11381,Snowy
11382,Snowy
11383,Snowy
11384,Snowy
11385,Snowy
11386,Snowy
11387,Snowy
11388,Snowy
11389,Snowy
11390,Snowy
11391,Snowy
11392,Snowy
11393,Snowy
11394,Snowy
11395,Snowy
11396,Snowy
11397,Snowy
11398,Snowy
11399,Snowy
11400,Snowy
11401,Snowy
11402,Snowy
11403,Snowy
11404,Snowy
11405,Snowy
11406,Snowy
11407,Snowy
11408,Snowy
11409,Snowy
11410,Snowy
11411,Snowy
11412,Snowy
11413,Snowy
11414,Snowy
11415,Snowy
11416,Snowy
11417,Snowy
11418,Snowy
11419,Snowy
11420,Snowy
11421,Snowy
11422,Snowy
11423,Snowy
11424,Snowy
11425,Snowy
11426,Snowy
11427,Snowy
11428,Snowy
11429,Snowy
11430,Snowy
11431,Snowy
11432,Snowy
11433,Snowy
11434,Snowy
11435,Snowy
11436,Snowy
11437,Snowy
11438,Snowy
11439,Snowy
11440,Snowy
11441,Snowy
11442,Snowy
11443,Snowy
11444,Snowy
11445,Snowy
11446,Snowy
11447,Snowy
11448,Snowy
11449,Snowy
11450,Snowy
11451,Snowy
11452,Snowy
11453,Snowy
11454,Snowy
11455,Snowy
11456,Snowy
11457,Snowy
11458,Snowy
11459,Snowy
11460,Snowy
11461,Snowy
11462,Snowy
11463,Snowy
11464,Snowy
11465,Snowy
11466,Snowy
11467,Snowy
11468,Snowy
11469,Snowy
11470,Snowy
11471,Snowy
11472,Snowy
11473,Snowy
11474,Snowy
11475,Snowy
11476,Snowy
11477,Snowy
11478,Snowy
11479,Snowy
11480,Snowy
11481,Snowy
11482,Snowy
11483,Snowy
11484,Snowy
11485,Snowy
11486,Snowy
11487,Snowy
11488,Snowy
11489,Snowy
11490,Snowy
11491,Snowy
11492,Snowy
11493,Snowy
11494,Snowy
11495,Snowy
11496,Snowy
11497,Snowy
11498,Snowy
11499,Snowy
11500,Snowy
11501,Snowy
11502,Snowy
11503,Snowy
11504,Snowy
11505,Snowy
11506,Snowy
11507,Snowy
11508,Snowy
11509,Snowy
11510,Snowy
11511,Snowy
11512,Snowy
11513,Snowy
11514,Snowy
11515,Snowy
11516,Snowy
11517,Snowy
11518,Snowy
11519,Snowy
11520,Snowy
11521,Snowy
11522,Snowy
11523,Snowy
11524,Snowy
11525,Snowy
11526,Snowy
11527,Snowy
11528,Snowy
11529,Snowy
11530,Snowy
11531,Snowy
11532,Snowy
11533,Snowy
11534,Snowy
11535,Snowy
11536,Snowy
11537,Snowy
11538,Snowy
11539,Snowy
11540,Snowy
11541,Snowy
11542,Snowy
11543,Snowy
11544,Snowy
11545,Snowy
11546,Snowy
11547,Snowy
11548,Snowy
11549,Snowy
11550,Snowy
11551,Snowy
11552,Snowy
11553,Snowy
11554,Snowy
11555,Snowy
11556,Snowy
11557,Snowy
11558,Snowy
11559,Snowy
11560,Snowy
11561,Snowy
11562,Snowy
11563,Snowy
11564,Snowy
11565,Snowy
11566,Snowy
11567,Snowy
11568,Snowy
11569,Snowy
11570,Snowy
11571,Snowy
11572,Snowy
11573,Snowy
11574,Snowy
11575,Snowy
11576,Snowy
11577,Snowy
11578,Snowy
11579,Snowy
11580,Snowy
11581,Snowy
11582,Snowy
11583,Snowy
11584,Snowy
11585,Snowy
11586,Snowy
11587,Snowy
11588,Snowy
11589,Snowy
11590,Snowy
11591,Snowy
11592,Snowy
11593,Snowy
11594,Snowy
11595,Snowy
11596,Snowy
11597,Snowy
11598,Snowy
11599,Snowy
11600,Snowy
11601,Snowy
11602,Snowy
11603,Snowy
11604,Snowy
11605,Snowy
11606,Snowy
11607,Snowy
11608,Snowy
11609,Snowy
11610,Snowy
11611,Snowy
11612,Snowy
11613,Snowy
11614,Snowy
11615,Snowy
11616,Snowy
11617,Snowy
11618,Snowy
11619,Snowy
11620,Snowy
11621,Snowy
11622,Snowy
11623,Snowy
11624,Snowy
11625,Snowy
11626,Snowy
11627,Snowy
11628,Snowy
11629,Snowy
11630,Snowy
11631,Snowy
11632,Snowy
11633,Snowy
11634,Snowy
11635,Snowy
11636,Snowy
11637,Snowy
11638,Snowy
11639,Snowy
11640,Snowy
11641,Snowy
11642,Snowy
11643,Snowy
11644,Snowy
11645,Snowy
11646,Snowy
11647,Snowy
11648,Snowy
11649,Snowy
11650,Snowy
11651,Snowy
11652,Snowy
11653,Snowy
11654,Snowy
11655,Snowy
11656,Snowy
11657,Snowy
11658,Snowy
11659,Snowy
11660,Snowy
11661,Snowy
11662,Snowy
11663,Snowy
11664,Snowy
11665,Snowy
11666,Snowy
11667,Snowy
11668,Snowy
11669,Snowy
11670,Snowy
11671,Snowy
11672,Snowy
11673,Snowy
11674,Snowy
11675,Snowy
11676,Snowy
11677,Snowy
11678,Snowy
11679,Snowy
11680,Snowy
11681,Snowy
11682,Snowy
11683,Snowy
11684,Snowy
11685,Snowy
11686,Snowy
11687,Snowy
11688,Snowy
11689,Snowy
11690,Snowy
11691,Snowy
11692,Snowy
11693,Snowy
11694,Snowy
11695,Snowy
11696,Snowy
11697,Snowy
11698,Snowy
11699,Snowy
11700,Snowy
11701,Snowy
11702,Snowy
11703,Snowy
11704,Snowy
11705,Snowy
11706,Snowy
11707,Snowy
11708,Snowy
11709,Snowy
11710,Snowy
11711,Snowy
11712,Snowy
11713,Snowy
11714,Snowy
11715,Snowy
11716,Snowy
11717,Snowy
11718,Snowy
11719,Snowy
11720,Snowy
11721,Snowy
11722,Snowy
11723,Snowy
11724,Snowy
11725,Snowy
11726,Snowy
11727,Snowy
11728,Snowy
11729,Snowy
11730,Snowy
11731,Snowy
11732,Snowy
11733,Snowy
11734,Snowy
11735,Snowy
11736,Snowy
11737,Snowy
11738,Snowy
11739,Snowy
11740,Snowy
11741,Snowy
11742,Snowy
11743,Snowy
11744,Snowy
11745,Snowy
11746,Snowy
11747,Snowy
11748,Snowy
11749,Snowy
11750,Snowy
11751,Snowy
11752,Snowy
11753,Snowy
11754,Snowy
11755,Snowy
11756,Snowy
11757,Snowy
11758,Snowy
11759,Snowy
11760,Snowy
11761,Snowy
11762,Snowy
11763,Snowy
11764,Snowy
11765,Snowy
11766,Snowy
11767,Snowy
11768,Snowy
11769,Snowy
11770,Snowy
11771,Snowy
11772,Snowy
11773,Snowy
11774,Snowy
11775,Snowy
11776,Snowy
11777,Snowy
11778,Snowy
11779,Snowy
11780,Snowy
11781,Snowy
11782,Snowy
11783,Snowy
11784,Snowy
11785,Snowy
11786,Snowy
11787,Snowy
11788,Snowy
11789,Snowy
11790,Snowy
11791,Snowy
11792,Snowy
11793,Snowy
11794,Snowy
11795,Snowy
11796,Snowy
11797,Snowy
11798,Snowy
11799,Snowy
11800,Snowy
11801,Snowy
11802,Snowy
11803,Snowy
11804,Snowy
11805,Snowy
11806,Snowy
11807,Snowy
11808,Snowy
11809,Snowy
11810,Snowy
11811,Snowy
11812,Snowy
11813,Snowy
11814,Snowy
11815,Snowy
11816,Snowy
11817,Snowy
11818,Snowy
11819,Snowy
11820,Snowy
11821,Snowy
11822,Snowy
11823,Snowy
11824,Snowy
11825,Snowy
11826,Snowy
11827,Snowy
11828,Snowy
11829,Snowy
11830,Snowy
11831,Snowy
11832,Snowy
11833,Snowy
11834,Snowy
11835,Snowy
11836,Snowy
11837,Snowy
11838,Snowy
11839,Snowy
11840,Snowy
11841,Snowy
11842,Snowy
11843,Snowy
11844,Snowy
11845,Snowy
11846,Snowy
11847,Snowy
11848,Snowy
11849,Snowy
11850,Snowy
11851,Snowy
11852,Snowy
11853,Snowy
11854,Snowy
11855,Snowy
11856,Snowy
11857,Snowy
11858,Snowy
11859,Snowy
11860,Snowy
11861,Snowy
11862,Snowy
11863,Snowy
11864,Snowy
11865,Snowy
11866,Snowy
11867,Snowy
11868,Snowy
11869,Snowy
11870,Snowy
11871,Snowy
11872,Snowy
11873,Snowy
11874,Snowy
11875,Snowy
11876,Snowy
11877,Snowy
11878,Snowy
11879,Snowy
11880,Snowy
11881,Snowy
11882,Snowy
11883,Snowy
11884,Snowy
11885,Snowy
11886,Snowy
11887,Snowy
11888,Snowy
11889,Snowy
11890,Snowy
11891,Snowy
11892,Snowy
11893,Snowy
11894,Snowy
11895,Snowy
11896,Snowy
11897,Snowy
11898,Snowy
11899,Snowy
11900,Snowy
11901,Snowy
11902,Snowy
11903,Snowy
11904,Snowy
11905,Snowy
11906,Snowy
11907,Snowy
11908,Snowy
11909,Snowy
11910,Snowy
11911,Snowy
11912,Snowy
11913,Snowy
11914,Snowy
11915,Snowy
11916,Snowy
11917,Snowy
11918,Snowy
11919,Snowy
11920,Snowy
11921,Snowy
11922,Snowy
11923,Snowy
11924,Snowy
11925,Snowy
11926,Snowy
11927,Snowy
11928,Snowy
11929,Snowy
11930,Snowy
11931,Snowy
11932,Snowy
11933,Snowy
11934,Snowy
11935,Snowy
11936,Snowy
11937,Snowy
11938,Snowy
11939,Snowy
11940,Snowy
11941,Snowy
11942,Snowy
11943,Snowy
11944,Snowy
11945,Snowy
11946,Snowy
11947,Snowy
11948,Snowy
11949,Snowy
11950,Snowy
11951,Snowy
11952,Snowy
11953,Snowy
11954,Snowy
11955,Snowy
11956,Snowy
11957,Snowy
11958,Snowy
11959,Snowy
11960,Snowy
11961,Snowy
11962,Snowy
11963,Snowy
11964,Snowy
11965,Snowy
11966,Snowy
11967,Snowy
11968,Snowy
11969,Snowy
11970,Snowy
11971,Snowy
11972,Snowy
11973,Snowy
11974,Snowy
11975,Snowy
11976,Snowy
11977,Snowy
11978,Snowy
11979,Snowy
11980,Snowy
11981,Snowy
11982,Snowy
11983,Snowy
11984,Snowy
11985,Snowy
11986,Snowy
11987,Snowy
11988,Snowy
11989,Snowy
11990,Snowy
11991,Snowy
11992,Snowy
11993,Snowy
11994,Snowy
11995,Snowy
11996,Snowy
11997,Snowy
11998,Snowy
11999,Snowy
12000,Snowy
12001,Snowy
12002,Snowy
12003,Snowy
12004,Snowy
12005,Snowy
12006,Snowy
12007,Snowy
12008,Snowy
12009,Snowy
12010,Snowy
12011,Snowy
12012,Snowy
12013,Snowy
12014,Snowy
12015,Snowy
12016,Snowy
12017,Snowy
12018,Snowy
12019,Snowy
12020,Snowy
12021,Snowy
12022,Snowy
12023,Snowy
12024,Snowy
12025,Snowy
12026,Snowy
12027,Snowy
12028,Snowy
12029,Snowy
12030,Snowy
12031,Snowy
12032,Snowy
12033,Snowy
12034,Snowy
12035,Snowy
12036,Snowy
12037,Snowy
12038,Snowy
12039,Snowy
12040,Snowy
12041,Snowy
12042,Snowy
12043,Snowy
12044,Snowy
12045,Snowy
12046,Snowy
12047,Snowy
12048,Snowy
12049,Snowy
12050,Snowy
12051,Snowy
12052,Snowy
12053,Snowy
12054,Snowy
12055,Snowy
12056,Snowy
12057,Snowy
12058,Snowy
12059,Snowy
12060,Snowy
12061,Snowy
12062,Snowy
12063,Snowy
12064,Snowy
12065,Snowy
12066,Snowy
12067,Snowy
12068,Snowy
12069,Snowy
12070,Snowy
12071,Snowy
12072,Snowy
12073,Snowy
12074,Snowy
12075,Snowy
12076,Snowy
12077,Snowy
12078,Snowy
12079,Snowy
12080,Snowy
12081,Snowy
12082,Snowy
12083,Snowy
12084,Snowy
12085,Snowy
12086,Snowy
12087,Snowy
12088,Snowy
12089,Snowy
12090,Snowy
12091,Snowy
12092,Snowy
12093,Snowy
12094,Snowy
12095,Snowy
12096,Snowy
12097,Snowy
12098,Snowy
12099,Snowy
12100,Snowy
12101,Snowy
12102,Snowy
12103,Snowy
12104,Snowy
12105,Snowy
12106,Snowy
12107,Snowy
12108,Snowy
12109,Snowy
12110,Snowy
12111,Snowy
12112,Snowy
12113,Snowy
12114,Snowy
12115,Snowy
12116,Snowy
12117,Snowy
12118,Snowy
12119,Snowy
12120,Snowy
12121,Snowy
12122,Snowy
12123,Snowy
12124,Snowy
12125,Snowy
12126,Snowy
12127,Snowy
12128,Snowy
12129,Snowy
12130,Snowy
12131,Snowy
12132,Snowy
12133,Snowy
12134,Snowy
12135,Snowy
12136,Snowy
12137,Snowy
12138,Snowy
12139,Snowy
12140,Snowy
12141,Snowy
12142,Snowy
12143,Snowy
12144,Snowy
12145,Snowy
12146,Snowy
12147,Snowy
12148,Snowy
12149,Snowy
12150,Snowy
12151,Snowy
12152,Snowy
12153,Snowy
12154,Snowy
12155,Snowy
12156,Snowy
12157,Snowy
12158,Snowy
12159,Snowy
12160,Snowy
12161,Snowy
12162,Snowy
12163,Snowy
12164,Snowy
12165,Snowy
12166,Snowy
12167,Snowy
12168,Snowy
12169,Snowy
12170,Snowy
12171,Snowy
12172,Snowy
12173,Snowy
12174,Snowy
12175,Snowy
12176,Snowy
12177,Snowy
12178,Snowy
12179,Snowy
12180,Snowy
12181,Snowy
12182,Snowy
12183,Snowy
12184,Snowy
12185,Snowy
12186,Snowy
12187,Snowy
12188,Snowy
12189,Snowy
12190,Snowy
12191,Snowy
12192,Snowy
12193,Snowy
12194,Snowy
12195,Snowy
12196,Snowy
12197,Snowy
12198,Snowy
12199,Snowy
12200,Snowy
12201,Snowy
12202,Snowy
12203,Snowy
12204,Snowy
12205,Snowy
12206,Snowy
12207,Snowy
12208,Snowy
12209,Snowy
12210,Snowy
12211,Snowy
12212,Snowy
12213,Snowy
12214,Snowy
12215,Snowy
12216,Snowy
12217,Snowy
12218,Snowy
12219,Snowy
12220,Snowy
12221,Snowy
12222,Snowy
12223,Snowy
12224,Snowy
12225,Snowy
12226,Snowy
12227,Snowy
12228,Snowy
12229,Snowy
12230,Snowy
12231,Snowy
12232,Snowy
12233,Snowy
12234,Snowy
12235,Snowy
12236,Snowy
12237,Snowy
12238,Snowy
12239,Snowy
12240,Snowy
12241,Snowy
12242,Snowy
12243,Snowy
12244,Snowy
12245,Snowy
12246,Snowy
12247,Snowy
12248,Snowy
12249,Snowy
12250,Snowy
12251,Snowy
12252,Snowy
12253,Snowy
12254,Snowy
12255,Snowy
12256,Snowy
12257,Snowy
12258,Snowy
12259,Snowy
12260,Snowy
12261,Snowy
12262,Snowy
12263,Snowy
12264,Snowy
12265,Snowy
12266,Snowy
12267,Snowy
12268,Snowy
12269,Snowy
12270,Snowy
12271,Snowy
12272,Snowy
12273,Snowy
12274,Snowy
12275,Snowy
12276,Snowy
12277,Snowy
12278,Snowy
12279,Snowy
12280,Snowy
12281,Snowy
12282,Snowy
12283,Snowy
12284,Snowy
12285,Snowy
12286,Snowy
12287,Snowy
12288,Snowy
12289,Snowy
12290,Snowy
12291,Snowy
12292,Snowy
12293,Snowy
12294,Snowy
12295,Snowy
12296,Snowy
12297,Snowy
12298,Snowy
12299,Snowy
12300,Snowy
12301,Snowy
12302,Snowy
12303,Snowy
12304,Snowy
12305,Snowy
12306,Snowy
12307,Snowy
12308,Snowy
12309,Snowy
12310,Snowy
12311,Snowy
12312,Snowy
12313,Snowy
12314,Snowy
12315,Snowy
12316,Snowy
12317,Snowy
12318,Snowy
12319,Snowy
12320,Snowy
12321,Snowy
12322,Snowy
12323,Snowy
12324,Snowy
12325,Snowy
12326,Snowy
12327,Snowy
12328,Snowy
12329,Snowy
12330,Snowy
12331,Snowy
12332,Snowy
12333,Snowy
12334,Snowy
12335,Snowy
12336,Snowy
12337,Snowy
12338,Snowy
12339,Snowy
12340,Snowy
12341,Snowy
12342,Snowy
12343,Snowy
12344,Snowy
12345,Snowy
12346,Snowy
12347,Snowy
12348,Snowy
12349,Snowy
12350,Snowy
12351,Snowy
12352,Snowy
12353,Snowy
12354,Snowy
12355,Snowy
12356,Snowy
12357,Snowy
12358,Snowy
12359,Snowy
12360,Snowy
12361,Snowy
12362,Snowy
12363,Snowy
12364,Snowy
12365,Snowy
12366,Snowy
12367,Snowy
12368,Snowy
12369,Snowy
12370,Snowy
12371,Snowy
12372,Snowy
12373,Snowy
12374,Snowy
12375,Snowy
12376,Snowy
12377,Snowy
12378,Snowy
12379,Snowy
12380,Snowy
12381,Snowy
12382,Snowy
12383,Snowy
12384,Snowy
12385,Snowy
12386,Snowy
12387,Snowy
12388,Snowy
12389,Snowy
12390,Snowy
12391,Snowy
12392,Snowy
12393,Snowy
12394,Snowy
12395,Snowy
12396,Snowy
12397,Snowy
12398,Snowy
12399,Snowy
12400,Snowy
12401,Snowy
12402,Snowy
12403,Snowy
12404,Snowy
12405,Snowy
12406,Snowy
12407,Snowy
12408,Snowy
12409,Snowy
12410,Snowy
12411,Snowy
12412,Snowy
12413,Snowy
12414,Snowy
12415,Snowy
12416,Snowy
12417,Snowy
12418,Snowy
12419,Snowy
12420,Snowy
12421,Snowy
12422,Snowy
12423,Snowy
12424,Snowy
12425,Snowy
12426,Snowy
12427,Snowy
12428,Snowy
12429,Snowy
12430,Snowy
12431,Snowy
12432,Snowy
12433,Snowy
12434,Snowy
12435,Snowy
12436,Snowy
12437,Snowy
12438,Snowy
12439,Snowy
12440,Snowy
12441,Snowy
12442,Snowy
12443,Snowy
12444,Snowy
12445,Snowy
12446,Snowy
12447,Snowy
12448,Snowy
12449,Snowy
12450,Snowy
12451,Snowy
12452,Snowy
12453,Snowy
12454,Snowy
12455,Snowy
12456,Snowy
12457,Snowy
12458,Snowy
12459,Snowy
12460,Snowy
12461,Snowy
12462,Snowy
12463,Snowy
12464,Snowy
12465,Snowy
12466,Snowy
12467,Snowy
12468,Snowy
12469,Snowy
12470,Snowy
12471,Snowy
12472,Snowy
12473,Snowy
12474,Snowy
12475,Snowy
12476,Snowy
12477,Snowy
12478,Snowy
12479,Snowy
12480,Snowy
12481,Snowy
12482,Snowy
12483,Snowy
12484,Snowy
12485,Snowy
12486,Snowy
12487,Snowy
12488,Snowy
12489,Snowy
12490,Snowy
12491,Snowy
12492,Snowy
12493,Snowy
12494,Snowy
12495,Snowy
12496,Snowy
12497,Snowy
12498,Snowy
12499,Snowy
12500,Snowy
12501,Snowy
12502,Snowy
12503,Snowy
12504,Snowy
12505,Snowy
12506,Snowy
12507,Snowy
12508,Snowy
12509,Snowy
12510,Snowy
12511,Snowy
12512,Snowy
12513,Snowy
12514,Snowy
12515,Snowy
12516,Snowy
12517,Snowy
12518,Snowy
12519,Snowy
12520,Snowy
12521,Snowy
12522,Snowy
12523,Snowy
12524,Snowy
12525,Snowy
12526,Snowy
12527,Snowy
12528,Snowy
12529,Snowy
12530,Snowy
12531,Snowy
12532,Snowy
12533,Snowy
12534,Snowy
12535,Snowy
12536,Snowy
12537,Snowy
12538,Snowy
12539,Snowy
12540,Snowy
12541,Snowy
12542,Snowy
12543,Snowy
12544,Snowy
12545,Snowy
12546,Snowy
12547,Snowy
12548,Snowy
12549,Snowy
12550,Snowy
12551,Snowy
12552,Snowy
12553,Snowy
12554,Snowy
12555,Snowy
12556,Snowy
12557,Snowy
12558,Snowy
12559,Snowy
12560,Snowy
12561,Snowy
12562,Snowy
12563,Snowy
12564,Snowy
12565,Snowy
12566,Snowy
12567,Snowy
12568,Snowy
12569,Snowy
12570,Snowy
12571,Snowy
12572,Snowy
12573,Snowy
12574,Snowy
12575,Snowy
12576,Snowy
12577,Snowy
12578,Snowy
12579,Snowy
12580,Snowy
12581,Snowy
12582,Snowy
12583,Snowy
12584,Snowy
12585,Snowy
12586,Snowy
12587,Snowy
12588,Snowy
12589,Snowy
12590,Snowy
12591,Snowy
12592,Snowy
12593,Snowy
12594,Snowy
12595,Snowy
12596,Snowy
12597,Snowy
12598,Snowy
12599,Snowy
12600,Snowy
12601,Snowy
12602,Snowy
12603,Snowy
12604,Snowy
12605,Snowy
12606,Snowy
12607,Snowy
12608,Snowy
12609,Snowy
12610,Snowy
12611,Snowy
12612,Snowy
12613,Snowy
12614,Snowy
12615,Snowy
12616,Snowy
12617,Snowy
12618,Snowy
12619,Snowy
12620,Snowy
12621,Snowy
12622,Snowy
12623,Snowy
12624,Snowy
12625,Snowy
12626,Snowy
12627,Snowy
12628,Snowy
12629,Snowy
12630,Snowy
12631,Snowy
12632,Snowy
12633,Snowy
12634,Snowy
12635,Snowy
12636,Snowy
12637,Snowy
12638,Snowy
12639,Snowy
12640,Snowy
12641,Snowy
12642,Snowy
12643,Snowy
12644,Snowy
12645,Snowy
12646,Snowy
12647,Snowy
12648,Snowy
12649,Snowy
12650,Snowy
12651,Snowy
12652,Snowy
12653,Snowy
12654,Snowy
12655,Snowy
12656,Snowy
12657,Snowy
12658,Snowy
12659,Snowy
12660,Snowy
12661,Snowy
12662,Snowy
12663,Snowy
12664,Snowy
12665,Snowy
12666,Snowy
12667,Snowy
12668,Snowy
12669,Snowy
12670,Snowy
12671,Snowy
12672,Snowy
12673,Snowy
12674,Snowy
12675,Snowy
12676,Snowy
12677,Snowy
12678,Snowy
12679,Snowy
12680,Snowy
12681,Snowy
12682,Snowy
12683,Snowy
12684,Snowy
12685,Snowy
12686,Snowy
12687,Snowy
12688,Snowy
12689,Snowy
12690,Snowy
12691,Snowy
12692,Snowy
12693,Snowy
12694,Snowy
12695,Snowy
12696,Snowy
12697,Snowy
12698,Snowy
12699,Snowy
12700,Snowy
12701,Snowy
12702,Snowy
12703,Snowy
12704,Snowy
12705,Snowy
12706,Snowy
12707,Snowy
12708,Snowy
12709,Snowy
12710,Snowy
12711,Snowy
12712,Snowy
12713,Snowy
12714,Snowy
12715,Snowy
12716,Snowy
12717,Snowy
12718,Snowy
12719,Snowy
12720,Snowy
12721,Snowy
12722,Snowy
12723,Snowy
12724,Snowy
12725,Snowy
12726,Snowy
12727,Snowy
12728,Snowy
12729,Snowy
12730,Snowy
12731,Snowy
12732,Snowy
12733,Snowy
12734,Snowy
12735,Snowy
12736,Snowy
12737,Snowy
12738,Snowy
12739,Snowy
12740,Snowy
12741,Snowy
12742,Snowy
12743,Snowy
12744,Snowy
12745,Snowy
12746,Snowy
12747,Snowy
12748,Snowy
12749,Snowy
12750,Snowy
12751,Snowy
12752,Snowy
12753,Snowy
12754,Snowy
12755,Snowy
12756,Snowy
12757,Snowy
12758,Snowy
12759,Snowy
12760,Snowy
12761,Snowy
12762,Snowy
12763,Snowy
12764,Snowy
12765,Snowy
12766,Snowy
12767,Snowy
12768,Snowy
12769,Snowy
12770,Snowy
12771,Snowy
12772,Snowy
12773,Snowy
12774,Snowy
12775,Snowy
12776,Snowy
12777,Snowy
12778,Snowy
12779,Snowy
12780,Snowy
12781,Snowy
12782,Snowy
12783,Snowy
12784,Snowy
12785,Snowy
12786,Snowy
12787,Snowy
12788,Snowy
12789,Snowy
12790,Snowy
12791,Snowy
12792,Snowy
12793,Snowy
12794,Snowy
12795,Snowy
12796,Snowy
12797,Snowy
12798,Snowy
12799,Snowy
12800,Snowy
12801,Snowy
12802,Snowy
12803,Snowy
12804,Snowy
12805,Snowy
12806,Snowy
12807,Snowy
12808,Snowy
12809,Snowy
12810,Snowy
12811,Snowy
12812,Snowy
12813,Snowy
12814,Snowy
12815,Snowy
12816,Snowy
12817,Snowy
12818,Snowy
12819,Snowy
12820,Snowy
12821,Snowy
12822,Snowy
12823,Snowy
12824,Snowy
12825,Snowy
12826,Snowy
12827,Snowy
12828,Snowy
12829,Snowy
12830,Snowy
12831,Snowy
12832,Snowy
12833,Snowy
12834,Snowy
12835,Snowy
12836,Snowy
12837,Snowy
12838,Snowy
12839,Snowy
12840,Snowy
12841,Snowy
12842,Snowy
12843,Snowy
12844,Snowy
12845,Snowy
12846,Snowy
12847,Snowy
12848,Snowy
12849,Snowy
12850,Snowy
12851,Snowy
12852,Snowy
12853,Snowy
12854,Snowy
12855,Snowy
12856,Snowy
12857,Snowy
12858,Snowy
12859,Snowy
12860,Snowy
12861,Snowy
12862,Snowy
12863,Snowy
12864,Snowy
12865,Snowy
12866,Snowy
12867,Snowy
12868,Snowy
12869,Snowy
12870,Snowy
12871,Snowy
12872,Snowy
12873,Snowy
12874,Snowy
12875,Snowy
12876,Snowy
12877,Snowy
12878,Snowy
12879,Snowy
12880,Snowy
12881,Snowy
12882,Snowy
12883,Snowy
12884,Snowy
12885,Snowy
12886,Snowy
12887,Snowy
12888,Snowy
12889,Snowy
12890,Snowy
12891,Snowy
12892,Snowy
12893,Snowy
12894,Snowy
12895,Snowy
12896,Snowy
12897,Snowy
12898,Snowy
12899,Snowy
12900,Snowy
12901,Snowy
12902,Snowy
12903,Snowy
12904,Snowy
12905,Snowy
12906,Snowy
12907,Snowy
12908,Snowy
12909,Snowy
12910,Snowy
12911,Snowy
12912,Snowy
12913,Snowy
12914,Snowy
12915,Snowy
12916,Snowy
12917,Snowy
12918,Snowy
12919,Snowy
12920,Snowy
12921,Snowy
12922,Snowy
12923,Snowy
12924,Snowy
12925,Snowy
12926,Snowy
12927,Snowy
12928,Snowy
12929,Snowy
12930,Snowy
12931,Snowy
12932,Snowy
12933,Snowy
12934,Snowy
12935,Snowy
12936,Snowy
12937,Snowy
12938,Snowy
12939,Snowy
12940,Snowy
12941,Snowy
12942,Snowy
12943,Snowy
12944,Snowy
12945,Snowy
12946,Snowy
12947,Snowy
12948,Snowy
12949,Snowy
12950,Snowy
12951,Snowy
12952,Snowy
12953,Snowy
12954,Snowy
12955,Snowy
12956,Snowy
12957,Snowy
12958,Snowy
12959,Snowy
12960,Snowy
12961,Snowy
12962,Snowy
12963,Snowy
12964,Snowy
12965,Snowy
12966,Snowy
12967,Snowy
12968,Snowy
12969,Snowy
12970,Snowy
12971,Snowy
12972,Snowy
12973,Snowy
12974,Snowy
12975,Snowy
12976,Snowy
12977,Snowy
12978,Snowy
12979,Snowy
12980,Snowy
12981,Snowy
12982,Snowy
12983,Snowy
12984,Snowy
12985,Snowy
12986,Snowy
12987,Snowy
12988,Snowy
12989,Snowy
12990,Snowy
12991,Snowy
12992,Snowy
12993,Snowy
12994,Snowy
12995,Snowy
12996,Snowy
12997,Snowy
12998,Snowy
12999,Snowy
13000,Snowy
13001,Snowy
13002,Snowy
13003,Snowy
13004,Snowy
13005,Snowy
13006,Snowy
13007,Snowy
13008,Snowy
13009,Snowy
13010,Snowy
13011,Snowy
13012,Snowy
13013,Snowy
13014,Snowy
13015,Snowy
13016,Snowy
13017,Snowy
13018,Snowy
13019,Snowy
13020,Snowy
13021,Snowy
13022,Snowy
13023,Snowy
13024,Snowy
13025,Snowy
13026,Snowy
13027,Snowy
13028,Snowy
13029,Snowy
13030,Snowy
13031,Snowy
13032,Snowy
13033,Snowy
13034,Snowy
13035,Snowy
13036,Snowy
13037,Snowy
13038,Snowy
13039,Snowy
13040,Snowy
13041,Snowy
13042,Snowy
13043,Snowy
13044,Snowy
13045,Snowy
13046,Snowy
13047,Snowy
13048,Snowy
13049,Snowy
13050,Snowy
13051,Snowy
13052,Snowy
13053,Snowy
13054,Snowy
13055,Snowy
13056,Snowy
13057,Snowy
13058,Snowy
13059,Snowy
13060,Snowy
13061,Snowy
13062,Snowy
13063,Snowy
13064,Snowy
13065,Snowy
13066,Snowy
13067,Snowy
13068,Snowy
13069,Snowy
13070,Snowy
13071,Snowy
13072,Snowy
13073,Snowy
13074,Snowy
13075,Snowy
13076,Snowy
13077,Snowy
13078,Snowy
13079,Snowy
13080,Snowy
13081,Snowy
13082,Snowy
13083,Snowy
13084,Snowy
13085,Snowy
13086,Snowy
13087,Snowy
13088,Snowy
13089,Snowy
13090,Snowy
13091,Snowy
13092,Snowy
13093,Snowy
13094,Snowy
13095,Snowy
13096,Snowy
13097,Snowy
13098,Snowy
13099,Snowy
13100,Snowy
13101,Snowy
13102,Snowy
13103,Snowy
13104,Snowy
13105,Snowy
13106,Snowy
13107,Snowy
13108,Snowy
13109,Snowy
13110,Snowy
13111,Snowy
13112,Snowy
13113,Snowy
13114,Snowy
13115,Snowy
13116,Snowy
13117,Snowy
13118,Snowy
13119,Snowy
13120,Snowy
13121,Snowy
13122,Snowy
13123,Snowy
13124,Snowy
13125,Snowy
13126,Snowy
13127,Snowy
13128,Snowy
13129,Snowy
13130,Snowy
13131,Snowy
13132,Snowy
13133,Snowy
13134,Snowy
13135,Snowy
13136,Snowy
13137,Snowy
13138,Snowy
13139,Snowy
13140,Snowy
13141,Snowy
13142,Snowy
13143,Snowy
13144,Snowy
13145,Snowy
13146,Snowy
13147,Snowy
13148,Snowy
13149,Snowy
13150,Snowy
13151,Snowy
13152,Snowy
13153,Snowy
13154,Snowy
13155,Snowy
13156,Snowy
13157,Snowy
13158,Snowy
13159,Snowy
13160,Snowy
13161,Snowy
13162,Snowy
13163,Snowy
13164,Snowy
13165,Snowy
13166,Snowy
13167,Snowy
13168,Snowy
13169,Snowy
13170,Snowy
13171,Snowy
13172,Snowy
13173,Snowy
13174,Snowy
13175,Snowy
13176,Snowy
13177,Snowy
13178,Snowy
13179,Snowy
13180,Snowy
13181,Snowy
13182,Snowy
13183,Snowy
13184,Snowy
13185,Snowy
13186,Snowy
13187,Snowy
13188,Snowy
13189,Snowy
13190,Snowy
13191,Snowy
13192,Snowy
13193,Snowy
13194,Snowy
13195,Snowy
13196,Snowy
13197,Snowy
13198,Snowy
13199,Snowy
